Time,Message
"6/3/2026, 9:41:31 PM","Hello I am Device"
"6/3/2026, 9:41:37 PM","Hello I am Device"
"6/3/2026, 9:41:42 PM","Hello I am Device"
"6/3/2026, 9:41:47 PM","Hello I am Device"
"6/3/2026, 9:41:53 PM","Hello I am Device"
"6/3/2026, 9:41:59 PM","Hello I am Device"
"6/3/2026, 9:42:04 PM","Hello I am Device"
"6/3/2026, 9:42:10 PM","Hello I am Device"
"6/3/2026, 9:42:16 PM","Hello I am Device"
"6/3/2026, 9:42:21 PM","Hello I am Device"
"6/3/2026, 9:42:27 PM","Hello I am Device"
"6/3/2026, 9:42:32 PM","Hello I am Device"
"6/3/2026, 9:42:37 PM","Hello I am Device"
"6/3/2026, 9:42:43 PM","Hello I am Device"
"6/3/2026, 9:42:49 PM","Hello I am Device"
"6/3/2026, 9:42:54 PM","Hello I am Device"
"6/3/2026, 9:42:59 PM","Hello I am Device"
"6/3/2026, 9:43:05 PM","Hello I am Device"
"6/3/2026, 9:43:10 PM","Hello I am Device"
"6/3/2026, 9:43:16 PM","Hello I am Device"
"6/3/2026, 9:43:21 PM","Hello I am Device"
"6/3/2026, 9:43:27 PM","Hello I am Device"
"6/3/2026, 9:43:32 PM","Hello I am Device"
"6/3/2026, 9:43:38 PM","Hello I am Device"
"6/3/2026, 9:43:44 PM","Hello I am Device"
"6/3/2026, 9:43:49 PM","Hello I am Device"
"6/3/2026, 9:43:55 PM","Hello I am Device"
"6/3/2026, 9:44:01 PM","Hello I am Device"
"6/3/2026, 9:44:06 PM","Hello I am Device"
"6/3/2026, 9:44:12 PM","Hello I am Device"
"6/3/2026, 9:44:18 PM","Hello I am Device"
"6/3/2026, 9:44:23 PM","Hello I am Device"
"6/3/2026, 9:44:29 PM","Hello I am Device"
"6/3/2026, 9:44:34 PM","Hello I am Device"
"6/3/2026, 9:44:39 PM","Hello I am Device"
"6/3/2026, 9:44:45 PM","Hello I am Device"
"6/3/2026, 9:44:50 PM","Hello I am Device"
"6/3/2026, 9:44:56 PM","Hello I am Device"
"6/3/2026, 9:45:01 PM","Hello I am Device"
"6/3/2026, 9:45:06 PM","Hello I am Device"
"6/3/2026, 9:45:12 PM","Hello I am Device"
"6/3/2026, 9:45:18 PM","Hello I am Device"
"6/3/2026, 9:45:23 PM","Hello I am Device"
"6/3/2026, 9:45:29 PM","Hello I am Device"
"6/3/2026, 9:45:34 PM","Hello I am Device"
"6/3/2026, 9:45:39 PM","Hello I am Device"
"6/3/2026, 9:45:45 PM","Hello I am Device"
"6/3/2026, 9:45:51 PM","Hello I am Device"
"6/3/2026, 9:45:56 PM","Hello I am Device"
"6/3/2026, 9:46:02 PM","Hello I am Device"
"6/3/2026, 9:46:07 PM","Hello I am Device"
"6/3/2026, 9:46:16 PM","Hello I am Device"
"6/3/2026, 9:46:22 PM","Hello I am Device"
"6/3/2026, 9:46:28 PM","Hello I am Device"
"6/3/2026, 9:46:35 PM","Hello I am Device"
"6/3/2026, 9:46:41 PM","Hello I am Device"
"6/3/2026, 9:46:47 PM","Hello I am Device"
"6/3/2026, 9:46:53 PM","Hello I am Device"
"6/3/2026, 9:46:59 PM","Hello I am Device"
"6/3/2026, 9:47:06 PM","Hello I am Device"
"6/3/2026, 9:47:12 PM","Hello I am Device"
"6/3/2026, 9:47:18 PM","Hello I am Device"
"6/3/2026, 9:47:24 PM","Hello I am Device"
"6/3/2026, 9:47:29 PM","Hello I am Device"
"6/3/2026, 9:47:35 PM","Hello I am Device"
"6/3/2026, 9:47:41 PM","Hello I am Device"
"6/3/2026, 9:47:47 PM","Hello I am Device"
"6/3/2026, 9:47:52 PM","Hello I am Device"
"6/3/2026, 9:47:58 PM","Hello I am Device"
